Name,Dept,Email
Alex,CSE,alex@email.com
Lee,CSE,lee@email.com
Cooper,EEE,cooper@email.com
David,ME,david@email.com
Shaun,CE,shaun@email.com
John,CSE,john@email.com
Mary,CSE,mary@email.com
Hannah,EEE,hannah@email.com
Jane,ME,jane@email.com
Anna,CE,anna@email.com
